time,price,SMA,Lower,Upper,distance,position
2018-01-18 10:18:00,1.22458,1.208016641221374,1.1858596627255196,1.2301736197172284,0.016563358778626025,0.0
2018-01-18 12:39:00,1.22606,1.2082051908396947,1.1858569850123952,1.2305533966669941,0.01785480916030524,0.0
2018-01-18 15:00:00,1.22468,1.208378320610687,1.1858730301348668,1.2308836110865073,0.01630167938931293,0.0
2018-01-18 17:21:00,1.22416,1.2085511450381679,1.1859108301937655,1.2311914598825702,0.015608854961832064,0.0
2018-01-18 19:42:00,1.2237,1.2087141984732823,1.1859468791210317,1.231481517825533,0.01498580152671769,0.0
2018-01-18 22:03:00,1.22474,1.208868320610687,1.1859418320469626,1.2317948091744113,0.015871679389312998,0.0
2018-01-19 00:24:00,1.22426,1.2090041984732824,1.1859247629443637,1.2320836340022012,0.01525580152671746,0.0
2018-01-19 02:45:00,1.22602,1.2091541984732825,1.1858890960559845,1.2324193008905806,0.016865801526717572,0.0
2018-01-19 05:06:00,1.2263,1.2093277862595417,1.1858922128667995,1.232763359652284,0.01697221374045821,0.0
2018-01-19 07:27:00,1.22796,1.2095071755725193,1.185862955817049,1.2331513953279896,0.01845282442748064,0.0
2018-01-19 09:48:00,1.22608,1.2096642748091604,1.185854474237446,1.2334740753808748,0.01641572519083967,0.0
2018-01-19 12:09:00,1.22416,1.2098048854961831,1.1858712588956273,1.233738512096739,0.014355114503816768,0.0
2018-01-19 14:30:00,1.22362,1.209940458015267,1.1858959555746682,1.233984960455866,0.013679541984732868,0.0
2018-01-19 16:51:00,1.2235,1.2100842748091603,1.1859419043907722,1.2342266452275483,0.013415725190839778,0.0
2018-01-19 19:12:00,1.22266,1.210212824427481,1.1859828006775568,1.2344428481774052,0.012447175572519065,0.0
2018-01-19 21:33:00,1.22211,1.2103553435114505,1.1860663352601437,1.2346443517627572,0.011754656488549564,0.0
2018-01-21 20:33:00,1.22613,1.2105415267175572,1.1861450313231798,1.2349380221119346,0.015588473282442727,0.0
2018-01-21 22:54:00,1.2241,1.2107102290076337,1.1862462597132868,1.2351741983019806,0.013389770992366268,0.0
2018-01-22 01:15:00,1.22274,1.2108798473282443,1.186392554550186,1.2353671401063024,0.011860152671755664,0.0
2018-01-22 03:36:00,1.22278,1.2110329770992365,1.186500516506456,1.235565437692017,0.01174702290076346,0.0
2018-01-22 05:57:00,1.22398,1.2112053435114505,1.1866284363645174,1.2357822506583835,0.012774656488549585,0.0
2018-01-22 08:18:00,1.22608,1.211393435114504,1.1867407393628933,1.2360461308661146,0.014686564885496134,0.0
2018-01-22 10:39:00,1.22414,1.211572213740458,1.1868918469198362,1.23625258056108,0.012567786259541913,0.0
2018-01-22 13:00:00,1.22441,1.2117461832061067,1.1870273246989778,1.2364650417132357,0.012663816793893279,0.0
2018-01-22 15:21:00,1.22415,1.2119167175572518,1.1871659406690258,1.2366674944454779,0.012233282442748239,0.0
2018-01-22 17:42:00,1.22566,1.2120897709923664,1.187273647515804,1.2369058944689286,0.013570229007633605,0.0
2018-01-22 20:03:00,1.2263,1.2122581679389315,1.187357506001295,1.237158829876568,0.01404183206106846,0.0
2018-01-22 22:24:00,1.227,1.2124148091603053,1.1874027403994183,1.2374268779211923,0.014585190839694784,0.0
2018-01-23 00:45:00,1.22601,1.2125501526717557,1.1874365955625912,1.2376637097809202,0.013459847328244345,0.0
2018-01-23 03:06:00,1.22536,1.2126929007633587,1.1875018289031145,1.2378839726236028,0.012667099236641333,0.0
2018-01-23 05:27:00,1.22538,1.21283427480916,1.1875673917673317,1.2381011578509884,0.012545725190839851,0.0
2018-01-23 07:48:00,1.22509,1.2129736641221374,1.1876389169030914,1.2383084113411833,0.01211633587786265,0.0
2018-01-23 10:09:00,1.22434,1.213105572519084,1.1877150540997632,1.2384960909384048,0.011234427480915965,0.0
2018-01-23 12:30:00,1.22654,1.213255038167939,1.187779959501308,1.23873011683457,0.01328496183206096,0.0
2018-01-23 14:51:00,1.22834,1.213415038167939,1.187825662683445,1.239004413652433,0.014924961832061046,0.0
2018-01-23 17:12:00,1.22868,1.2135846564885497,1.1878867654888579,1.2392825474882416,0.015095343511450254,0.0
2018-01-23 19:33:00,1.2298,1.213775648854962,1.1879698422216616,1.2395814554882625,0.016024351145037974,0.0
2018-01-23 21:54:00,1.23114,1.2139751908396945,1.1880389782757736,1.2399114034036154,0.017164809160305383,0.0
2018-01-24 00:15:00,1.23124,1.2141899999999999,1.1881509225024567,1.240229077497543,0.01705000000000001,0.0
2018-01-24 02:36:00,1.2318,1.2144049618320611,1.1882522465002856,1.2405576771638367,0.01739503816793886,0.0
2018-01-24 04:57:00,1.2309,1.2146037404580152,1.188347810333902,1.2408596705821284,0.01629625954198488,0.0
2018-01-24 07:18:00,1.23418,1.2148380916030534,1.1884347419187655,1.2412414412873414,0.019341908396946605,0.0
2018-01-24 09:39:00,1.234,1.215074961832061,1.1885443261443487,1.2416055975197735,0.01892503816793889,0.0
2018-01-24 12:00:00,1.2378,1.2153389312977099,1.1885964645509035,1.2420813980445162,0.022461068702290143,0.0
2018-01-24 14:21:00,1.23854,1.2155981679389312,1.1886187364798448,1.2425775993980175,0.022941832061068812,0.0
2018-01-24 16:42:00,1.24089,1.2158851145038168,1.1886346740143454,1.243135554993288,0.025004885496183293,0.0
2018-01-24 19:03:00,1.24008,1.216177175572519,1.1887150605467034,1.2436392905983347,0.02390282442748104,0.0
2018-01-24 21:24:00,1.23944,1.2164785496183208,1.1888676731524577,1.244089426084184,0.022961450381679294,0.0
2018-01-24 23:45:00,1.24129,1.216794351145038,1.189001117867938,1.2445875844221381,0.024495648854961916,0.0
2018-01-25 02:06:00,1.24364,1.2171453435114505,1.1891654051711973,1.2451252818517038,0.02649465648854954,0.0
2018-01-25 04:27:00,1.24454,1.217515572519084,1.1893782299995173,1.2456529150386508,0.027024427480915936,0.0
2018-01-25 06:48:00,1.24038,1.2178473282442748,1.1896639928709427,1.2460306636176068,0.022532671755725264,0.0
2018-01-25 09:09:00,1.24148,1.2181923664122136,1.1899666168118046,1.2464181160126226,0.023287633587786294,0.0
2018-01-25 11:30:00,1.24804,1.218584503816794,1.1901374975161447,1.2470315101174432,0.029455496183206087,-1.0
2018-01-25 13:51:00,1.24926,1.2189822137404582,1.1902868367565844,1.247677590724332,0.030277786259541806,-1.0
2018-01-25 16:12:00,1.24968,1.219382213740458,1.1904463645574992,1.2483180629234167,0.030297786259541937,-1.0
2018-01-25 18:33:00,1.24092,1.2197195419847329,1.1908178218482643,1.2486212621212014,0.021200458015267154,-1.0
2018-01-25 20:54:00,1.23899,1.2200483206106871,1.1912581896998593,1.248838451521515,0.018941679389312904,-1.0
2018-01-25 23:15:00,1.2419,1.220417328244275,1.1917567924369017,1.2490778640516482,0.021482671755725047,-1.0
2018-01-26 01:36:00,1.24278,1.2207982442748093,1.1922869066669337,1.249309581882685,0.021981755725190677,-1.0
2018-01-26 03:57:00,1.24396,1.2211903053435116,1.1928298118098941,1.249550798877129,0.02276969465648837,-1.0
2018-01-26 06:18:00,1.24602,1.2216020610687024,1.193379203151207,1.2498249189861979,0.02441793893129751,-1.0
2018-01-26 08:39:00,1.2459,1.2220032061068702,1.1939053845359942,1.2501010276777462,0.02389679389312982,-1.0
2018-01-26 11:00:00,1.24382,1.2223862595419848,1.1944794775335381,1.2502930415504314,0.02143374045801516,-1.0
2018-01-26 13:21:00,1.24297,1.2227664885496183,1.1951085768509695,1.2504244002482672,0.020203511450381573,-1.0
2018-01-26 15:42:00,1.2439,1.2231432061068703,1.1956908324370814,1.2505955797766592,0.020756793893129677,-1.0
2018-01-26 18:03:00,1.24135,1.2235069465648856,1.1963661062748348,1.2506477868549364,0.017843053435114387,-1.0
2018-01-26 20:24:00,1.24296,1.2238849618320609,1.1970544395602383,1.2507154841038834,0.019075038167939207,-1.0
2018-01-28 21:45:00,1.24298,1.2242565648854962,1.1977309540657624,1.25078217570523,0.018723435114503806,-1.0
2018-01-29 00:06:00,1.23892,1.2245477099236641,1.198224263859233,1.2508711559880952,0.014372290076335892,-1.0
2018-01-29 02:27:00,1.24165,1.2248613740458014,1.1987113844575272,1.2510113636340756,0.0167886259541985,-1.0
2018-01-29 04:48:00,1.2425,1.2252091603053434,1.1993456806134426,1.2510726399972443,0.0172908396946565,-1.0
2018-01-29 07:09:00,1.24026,1.225547786259542,1.2000723888621638,1.2510231836569203,0.014712213740457836,-1.0
2018-01-29 09:30:00,1.24015,1.2258884732824427,1.2008416140015745,1.2509353325633108,0.014261526717557427,-1.0
2018-01-29 11:51:00,1.23685,1.2262019847328245,1.2016509536192936,1.2507530158463553,0.010648015267175515,-1.0
2018-01-29 14:12:00,1.23512,1.2265012977099237,1.202488693789104,1.2505139016307434,0.00861870229007633,-1.0
2018-01-29 16:33:00,1.23722,1.226825572519084,1.2034017170707711,1.2502494279673968,0.010394427480916013,-1.0
2018-01-29 18:54:00,1.23794,1.227158320610687,1.2043640123936474,1.2499526288277267,0.01078167938931296,-1.0
2018-01-29 21:15:00,1.23822,1.2274975572519082,1.2053932321489775,1.249601882354839,0.010722442748091865,-1.0
2018-01-29 23:36:00,1.23849,1.2278301526717559,1.206400781025885,1.2492595243176268,0.01065984732824421,-1.0
2018-01-30 01:57:00,1.23798,1.228102290076336,1.2070765593834787,1.2491280207691935,0.009877709923663991,-1.0
2018-01-30 04:18:00,1.23584,1.228340610687023,1.2076832165918205,1.2489980047822253,0.007499389312977112,-1.0
2018-01-30 06:39:00,1.23824,1.2286079389312976,1.208358533436881,1.2488573444257143,0.009632061068702402,-1.0
2018-01-30 09:00:00,1.24242,1.2289093129770994,1.209027910427775,1.2487907155264237,0.013510687022900703,-1.0
2018-01-30 11:21:00,1.24319,1.2292141221374047,1.2096967451272813,1.248731499147528,0.013975877862595354,-1.0
2018-01-30 13:42:00,1.24176,1.229492213740458,1.2103113121349414,1.2486731153459747,0.012267786259541946,-1.0
2018-01-30 16:03:00,1.23914,1.2297540458015268,1.2109978412029032,1.2485102504001504,0.009385954198473101,-1.0
2018-01-30 18:24:00,1.23967,1.2300232824427482,1.2117271316171692,1.2483194332683272,0.009646717557251883,-1.0
2018-01-30 20:45:00,1.24028,1.230268244274809,1.2122939086425508,1.248242579907067,0.010011755725191085,-1.0
2018-01-30 23:06:00,1.24176,1.230495572519084,1.212701169914235,1.2482899751239331,0.01126442748091594,-1.0
2018-01-31 01:27:00,1.24286,1.2307187022900763,1.2130440927051023,1.2483933118750503,0.012141297709923782,-1.0
2018-01-31 03:48:00,1.24369,1.2309421374045801,1.2133582276253545,1.2485260471838058,0.012747862595419823,-1.0
2018-01-31 06:09:00,1.24388,1.2311745038167938,1.2137188091826199,1.2486301984509678,0.012705496183206266,-1.0
2018-01-31 08:30:00,1.24454,1.2313787786259542,1.2139285868222196,1.2488289704296889,0.01316122137404574,-1.0
2018-01-31 10:51:00,1.24576,1.2315778625954197,1.2140706642503623,1.249085060940477,0.014182137404580297,-1.0
2018-01-31 13:12:00,1.24674,1.2317870992366413,1.214214865984489,1.2493593324887937,0.014952900763358645,-1.0
2018-01-31 15:33:00,1.24164,1.2319489312977099,1.2144074621456749,1.249490400449745,0.009691068702290195,-1.0
2018-01-31 17:54:00,1.24165,1.2321064122137404,1.2145900265541163,1.2496227978733645,0.009543587786259522,-1.0
2018-01-31 20:15:00,1.24104,1.2322615267175572,1.2147917470133778,1.2497313064217366,0.008778473282442745,-1.0
2018-01-31 22:36:00,1.24179,1.232394427480916,1.2149014498726889,1.249887405089143,0.009395572519083961,-1.0
2018-02-01 00:57:00,1.2419,1.232519465648855,1.2149904227923687,1.2500485085053412,0.009380534351145053,-1.0
2018-02-01 03:18:00,1.24228,1.23262786259542,1.2150339750191328,1.250221750171707,0.009652137404580152,-1.0
2018-02-01 05:39:00,1.24029,1.2327341984732825,1.2151246297537643,1.2503437671928006,0.0075558015267174206,-1.0
2018-02-01 08:00:00,1.24462,1.2328662595419848,1.2151611332376735,1.2505713858462961,0.01175374045801525,-1.0
2018-02-01 10:21:00,1.24442,1.23300106870229,1.215214604142118,1.2507875332624623,0.011418931297709989,-1.0
2018-02-01 12:42:00,1.24362,1.2331270229007634,1.215274859111262,1.2509791866902646,0.010492977099236578,-1.0
2018-02-01 15:03:00,1.24903,1.2333026717557254,1.215280381996919,1.2513249615145319,0.015727328244274696,-1.0
2018-02-01 17:24:00,1.24986,1.2334820610687023,1.2152714775495477,1.251692644587857,0.016377938931297686,-1.0
2018-02-01 19:45:00,1.25112,1.2336619083969467,1.2152231425255944,1.252100674268299,0.01745809160305334,-1.0
2018-02-01 22:06:00,1.25018,1.233870076335878,1.2153052792939671,1.252434873377789,0.016309923664121984,-1.0
2018-02-02 00:27:00,1.24976,1.2340877862595419,1.2154512285895978,1.252724343929486,0.01567221374045813,-1.0
2018-02-02 02:48:00,1.24954,1.234293893129771,1.2155750862032055,1.2530127000563362,0.015246106870229204,-1.0
2018-02-02 05:09:00,1.25052,1.2345042748091604,1.215679718337843,1.2533288312804778,0.016015725190839714,-1.0
2018-02-02 07:30:00,1.24858,1.2346880916030536,1.215787182530164,1.2535890006759431,0.013891908396946429,-1.0
2018-02-02 09:51:00,1.24888,1.2348557251908396,1.2158433182246104,1.2538681321570688,0.014024274809160353,-1.0
2018-02-02 12:12:00,1.24542,1.235006030534351,1.215973109148273,1.2540389519204291,0.010413969465648876,-1.0
2018-02-02 14:33:00,1.24535,1.235125572519084,1.2160306206029654,1.2542205244352025,0.01022442748091601,-1.0
2018-02-02 16:54:00,1.24612,1.2352715267175571,1.2161346750396202,1.254408378395494,0.010848473282442761,-1.0
2018-02-02 19:15:00,1.24572,1.2354341984732824,1.2163072124701406,1.2545611844764242,0.010285801526717542,-1.0
2018-02-02 21:36:00,1.24566,1.2356027480916032,1.2165077022494606,1.2546977939337458,0.010057251908396792,-1.0
2018-02-04 20:36:00,1.24312,1.2357543511450382,1.21673911027814,1.2547695920119364,0.007365648854961826,-1.0
2018-02-04 22:57:00,1.24502,1.2359423664122136,1.217052818495308,1.2548319143291191,0.00907763358778646,-1.0
2018-02-05 01:18:00,1.246,1.236113893129771,1.2172706342947586,1.2549571519647835,0.00988610687022895,-1.0
2018-02-05 03:39:00,1.24605,1.2362823664122138,1.2174817937806606,1.255082939043767,0.009767633587786317,-1.0
2018-02-05 06:00:00,1.24425,1.2364511450381679,1.2177656963778234,1.2551365936985124,0.007798854961832191,-1.0
2018-02-05 08:21:00,1.24699,1.2366680152671756,1.2181599936516105,1.2551760368827407,0.010321984732824419,-1.0
2018-02-05 10:42:00,1.24402,1.2368596183206109,1.2185738327684656,1.255145403872756,0.0071603816793890385,-1.0
2018-02-05 13:03:00,1.2416,1.2370335114503817,1.2190077985467493,1.255059224354014,0.004566488549618386,-1.0
2018-02-05 15:24:00,1.24191,1.2372007633587787,1.2194070041039016,1.2549945226136558,0.004709236641221359,-1.0
2018-02-05 17:45:00,1.24192,1.2373658778625956,1.2198047261796257,1.2549270295455655,0.0045541221374043594,-1.0
2018-02-05 20:06:00,1.23796,1.237490610687023,1.220149517871536,1.2548317035025098,0.0004693893129770199,-1.0
2018-02-05 22:27:00,1.23812,1.2375939694656488,1.2204022885294599,1.2547856504018378,0.0005260305343512961,-1.0
2018-02-06 00:48:00,1.23745,1.2376809160305344,1.2206095729802378,1.254752259080831,-0.00023091603053448928,0.0
2018-02-06 03:09:00,1.23731,1.2377773282442748,1.2208599766013029,1.2546946798872467,-0.0004673282442748672,0.0
2018-02-06 05:30:00,1.23946,1.2378941221374047,1.2211452912950407,1.2546429529797687,0.0015658778625953218,0.0
2018-02-06 07:51:00,1.24041,1.238021679389313,1.221455046166952,1.2545883126116741,0.002388320610686945,0.0
2018-02-06 10:12:00,1.2357,1.2381053435114504,1.2216991498784204,1.2545115371444804,-0.0024053435114503863,0.0
2018-02-06 12:33:00,1.23383,1.238178396946565,1.2219362963213738,1.254420497571756,-0.00434839694656497,0.0
2018-02-06 14:54:00,1.23896,1.238277175572519,1.2221763436255808,1.2543780075194573,0.0006828244274810213,0.0
2018-02-06 17:15:00,1.23905,1.2383745038167941,1.2224119522155268,1.2543370554180615,0.000675496183205837,0.0
2018-02-06 19:36:00,1.23778,1.238449465648855,1.2225921648186877,1.2543067664790222,-0.000669465648854839,0.0
2018-02-06 21:57:00,1.23786,1.238539389312977,1.2228319298884298,1.2542468487375242,-0.0006793893129770634,0.0
2018-02-07 00:18:00,1.2381,1.2386458015267177,1.2231434622582338,1.2541481407952015,-0.0005458015267176819,0.0
2018-02-07 02:39:00,1.23882,1.2387618320610687,1.2234869416947909,1.2540367224273465,5.816793893131944e-05,0.0
2018-02-07 05:00:00,1.23984,1.238886564885496,1.2238489967983537,1.2539241329726385,0.0009534351145039643,0.0
2018-02-07 07:21:00,1.236,1.238988396946565,1.2242153995804115,1.2537613943127184,-0.002988396946564942,0.0
2018-02-07 09:42:00,1.23451,1.2390830534351143,1.224589713661136,1.2535763932090926,-0.0045730534351142715,0.0
2018-02-07 12:03:00,1.23334,1.2391380916030534,1.224788979142798,1.253487204063309,-0.005798091603053335,0.0
2018-02-07 14:24:00,1.22782,1.2391664885496183,1.2249229985011392,1.2534099785980974,-0.011346488549618394,0.0
2018-02-07 16:45:00,1.22561,1.2391883969465647,1.2250382256908874,1.253338568202242,-0.013578396946564597,0.0
2018-02-07 19:06:00,1.22696,1.2392203053435116,1.2252010289572806,1.2532395817297426,-0.012260305343511524,0.0
2018-02-07 21:27:00,1.22645,1.2392391603053434,1.2252960662798331,1.2531822543308537,-0.012789160305343383,0.0
2018-02-07 23:48:00,1.2271,1.2392469465648854,1.2253323625404449,1.253161530589326,-0.012146946564885353,0.0
2018-02-08 02:09:00,1.22582,1.2392597709923665,1.2253983135341608,1.2531212284505722,-0.013439770992366595,0.0
2018-02-08 04:30:00,1.2269,1.2392787786259543,1.2254927756858662,1.2530647815660423,-0.012378778625954157,0.0
2018-02-08 06:51:00,1.22406,1.2392780916030535,1.2254890410718926,1.2530671421342143,-0.01521809160305354,1.0
2018-02-08 09:12:00,1.2238,1.239263893129771,1.2254146224302749,1.2531131638292672,-0.015463893129771034,1.0
2018-02-08 11:33:00,1.22734,1.2392718320610687,1.2254513532089517,1.2530923109131857,-0.011931832061068626,1.0
2018-02-08 13:54:00,1.22544,1.2392599236641222,1.225394209114319,1.2531256382139253,-0.013819923664122102,1.0
2018-02-08 16:15:00,1.22662,1.2392645801526718,1.2254164026531293,1.2531127576522143,-0.01264458015267178,1.0
2018-02-08 18:36:00,1.22469,1.2392594656488551,1.2253901100955287,1.2531288212021816,-0.014569465648855084,1.0
2018-02-08 20:57:00,1.22581,1.2392627480916032,1.2254064355499483,1.253119060633258,-0.013452748091603128,1.0
2018-02-08 23:18:00,1.22555,1.2392662595419845,1.2254241982602032,1.2531083208237659,-0.013716259541984632,1.0
2018-02-09 01:39:00,1.2257,1.2392766412213743,1.225477730983309,1.2530755514594396,-0.013576641221374253,1.0
2018-02-09 04:00:00,1.22567,1.23927,1.2254455674480027,1.2530944325519975,-0.013600000000000056,1.0
2018-02-09 06:21:00,1.22694,1.2392593129770992,1.2253987053334412,1.2531199206207573,-0.012319312977099317,1.0
2018-02-09 08:42:00,1.22592,1.2392382442748093,1.2253046195366368,1.2531718690129818,-0.013318244274809432,1.0
2018-02-09 11:03:00,1.22678,1.2392151908396947,1.2252088192453834,1.253221562434006,-0.012435190839694688,1.0
2018-02-09 13:24:00,1.22491,1.2391676335877864,1.2250092623576725,1.2533260048179002,-0.014257633587786422,1.0
2018-02-09 15:45:00,1.22134,1.2390920610687022,1.2246600859455838,1.2535240361918205,-0.017752061068702085,1.0
2018-02-09 18:06:00,1.2232,1.2390264122137407,1.2243840281983673,1.253668796229114,-0.015826412213740593,1.0
2018-02-09 20:27:00,1.22512,1.238982290076336,1.2242069722867241,1.253757607865948,-0.013862290076336103,1.0
2018-02-11 21:48:00,1.22588,1.23891893129771,1.223990221063982,1.2538476415314381,-0.013038931297709944,1.0
2018-02-12 00:09:00,1.22728,1.2388676335877864,1.2238250460787627,1.25391022109681,-0.011587633587786472,1.0
2018-02-12 02:30:00,1.22832,1.2387952671755726,1.223641178145619,1.2539493562055264,-0.010475267175572567,1.0
2018-02-12 04:51:00,1.22918,1.2387238167938932,1.2234768974161643,1.2539707361716221,-0.009543816793893267,1.0
2018-02-12 07:12:00,1.22722,1.238619465648855,1.2232457149302798,1.25399321636743,-0.011399465648854967,1.0
2018-02-12 09:33:00,1.22698,1.238519465648855,1.2230141505674943,1.2540247807302156,-0.011539465648854996,1.0
2018-02-12 11:54:00,1.2248,1.238407709923664,1.2227191828927602,1.2540962369545676,-0.01360770992366378,1.0
2018-02-12 14:15:00,1.22768,1.238303816793893,1.222512306619502,1.2540953269682837,-0.010623816793892793,1.0
2018-02-12 16:36:00,1.2284,1.2381874809160305,1.2223300186409272,1.2540449431911338,-0.009787480916030544,1.0
2018-02-12 18:57:00,1.22933,1.2380713740458016,1.2221786998237438,1.2539640482678593,-0.008741374045801553,1.0
2018-02-12 21:18:00,1.23072,1.2379976335877863,1.2220585609707955,1.253936706204777,-0.007277633587786214,1.0
2018-02-12 23:39:00,1.22938,1.2379052671755726,1.2219074064862352,1.25390312786491,-0.00852526717557267,1.0
2018-02-13 02:00:00,1.23005,1.2377679389312979,1.2218119445009283,1.2537239333616674,-0.007717938931297796,1.0
2018-02-13 04:21:00,1.232,1.2376361832061067,1.2217779412901564,1.253494425122057,-0.005636183206106704,1.0
2018-02-13 06:42:00,1.23264,1.237506106870229,1.2217669674992637,1.2532452462411945,-0.004866106870229148,1.0
2018-02-13 09:03:00,1.23464,1.2374581679389312,1.2217226858776216,1.2531936500002407,-0.002818167938931193,1.0
2018-02-13 11:24:00,1.2338,1.2374185496183205,1.221672482539713,1.2531646166969281,-0.0036185496183205323,1.0
2018-02-13 13:45:00,1.23594,1.2373730534351144,1.2216447477621428,1.253101359108086,-0.001433053435114351,1.0
2018-02-13 16:06:00,1.23562,1.2373183969465649,1.221616085736612,1.2530207081565177,-0.0016983969465649285,1.0
2018-02-13 18:27:00,1.2357,1.2372553435114504,1.2215942488846667,1.252916438138234,-0.0015553435114503689,1.0
2018-02-13 20:48:00,1.23496,1.2371709160305344,1.2215811887520405,1.2527606433090284,-0.00221091603053436,1.0
2018-02-13 23:09:00,1.2358,1.2370938167938932,1.2215783746681559,1.2526092589196305,-0.0012938167938931766,1.0
2018-02-14 01:30:00,1.23854,1.2370535114503818,1.221581126337905,1.2525258965628585,0.0014864885496181923,0.0
2018-02-14 03:51:00,1.23783,1.2370142748091602,1.2215763353231859,1.2524522142951344,0.0008157251908398333,0.0
2018-02-14 06:12:00,1.2363,1.2369562595419847,1.2215655727805013,1.2523469463034682,-0.0006562595419847828,0.0
2018-02-14 08:33:00,1.2355,1.236911603053435,1.2215383648045404,1.2522848413023298,-0.0014116030534350177,0.0
2018-02-14 10:54:00,1.23477,1.2368490839694657,1.2215084129480582,1.2521897549908731,-0.002079083969465767,0.0
2018-02-14 13:15:00,1.23622,1.2367974809160305,1.2214945049674368,1.2521004568646241,-0.0005774809160303818,0.0
2018-02-14 15:36:00,1.24134,1.2368159541984733,1.221496816287674,1.2521350921092727,0.004524045801526766,0.0
2018-02-14 17:57:00,1.2445,1.236837709923664,1.2214828468874492,1.2521925729598788,0.007662290076335898,0.0
2018-02-14 20:18:00,1.24556,1.2368610687022903,1.2214622381269267,1.252259899277654,0.008698931297709711,0.0
2018-02-14 22:39:00,1.24538,1.2369001526717558,1.2214406783081675,1.252359627035344,0.008479847328244139,0.0
2018-02-15 01:00:00,1.2459,1.2369440458015266,1.2214148849883706,1.2524732066146826,0.008955954198473393,0.0
2018-02-15 03:21:00,1.24597,1.2370136641221374,1.2214046369103215,1.2526226913339533,0.008956335877862598,0.0
2018-02-15 05:42:00,1.2492,1.237121145038168,1.2213714063558454,1.2528708837204907,0.01207885496183203,0.0
2018-02-15 08:03:00,1.248,1.2372034351145038,1.2213393815494817,1.2530674886795259,0.010796564885496185,0.0
2018-02-15 10:24:00,1.24836,1.2372829770992366,1.2212999919742462,1.253265962224227,0.01107702290076329,0.0
2018-02-15 12:45:00,1.24911,1.237366106870229,1.2212507447635008,1.2534814689769573,0.011743893129770866,0.0
2018-02-15 15:06:00,1.24631,1.2374258015267174,1.2212358973688384,1.2536157056845965,0.00888419847328259,0.0
2018-02-15 17:27:00,1.24992,1.2375169465648856,1.221180689599163,1.2538532035306083,0.012403053435114275,0.0
2018-02-15 19:48:00,1.25034,1.2376276335877863,1.2211413730457794,1.2541138941297931,0.012712366412213738,0.0
2018-02-15 22:09:00,1.25038,1.2377203053435115,1.2210843679809227,1.2543562427061004,0.01265969465648853,0.0
2018-02-16 00:30:00,1.25326,1.2378030534351145,1.2209662655278344,1.2546398413423947,0.015456946564885499,0.0
2018-02-16 02:51:00,1.25508,1.2378938167938933,1.2208135439699093,1.2549740896178774,0.017186183206106653,-1.0
2018-02-16 05:12:00,1.25367,1.2379847328244276,1.220695991565222,1.255273474083633,0.015685267175572504,-1.0
2018-02-16 07:33:00,1.25298,1.2380903816793893,1.2206051528531714,1.2555756105056073,0.014889618320610642,-1.0
2018-02-16 09:54:00,1.2475,1.2381501526717555,1.2205897885639572,1.255710516779554,0.00934984732824451,-1.0
2018-02-16 12:15:00,1.24356,1.2381751908396947,1.220593245843384,1.2557571358360056,0.0053848091603052595,-1.0
2018-02-16 14:36:00,1.2441,1.2381930534351147,1.2205916842762818,1.2557944225939475,0.005906946564885329,-1.0
2018-02-16 16:57:00,1.24068,1.2381764122137404,1.2205887114292597,1.255764112998221,0.0025035877862595868,-1.0
2018-02-16 19:18:00,1.24107,1.2381564122137405,1.2205880355418786,1.2557247888856025,0.002913587786259386,-1.0
2018-02-16 21:39:00,1.24097,1.2381341984732825,1.2205876471217028,1.2556807498248623,0.002835801526717363,-1.0
2018-02-18 20:39:00,1.24158,1.2381116030534352,1.220590696891971,1.2556325092148992,0.0034683969465647557,-1.0
2018-02-18 23:00:00,1.24276,1.2380887022900764,1.2206002789724886,1.2555771256076642,0.004671297709923694,-1.0
2018-02-19 01:21:00,1.24225,1.238054427480916,1.22061682140663,1.255492033555202,0.00419557251908409,-1.0
2018-02-19 03:42:00,1.24124,1.2380513740458015,1.2206161587947202,1.2554865892968827,0.003188625954198443,-1.0
2018-02-19 06:03:00,1.24062,1.2380435114503818,1.2206139094118198,1.2554731134889439,0.0025764885496182277,-1.0
2018-02-19 08:24:00,1.24177,1.2380490839694658,1.220615154106581,1.2554830138323505,0.0037209160305342603,-1.0
2018-02-19 10:45:00,1.24068,1.238040610687023,1.2206129315960808,1.2554682897779652,0.002639389312977025,-1.0
2018-02-19 13:06:00,1.23876,1.238016641221374,1.2206017251371746,1.2554315573055734,0.0007433587786260798,-1.0
2018-02-19 15:27:00,1.24085,1.2380057251908396,1.2205997903885417,1.2554116599931375,0.0028442748091603853,-1.0
2018-02-19 17:48:00,1.2408,1.2380096183206106,1.2206013961422002,1.255417840499021,0.0027903816793892755,-1.0
2018-02-19 20:09:00,1.24096,1.237981679389313,1.2206044999859536,1.2553588587926725,0.0029783206106870352,-1.0
2018-02-19 22:30:00,1.24086,1.2379545038167938,1.2206067991645917,1.255302208468996,0.0029054961832062354,-1.0
2018-02-20 00:51:00,1.23845,1.237915038167939,1.2205957856749097,1.2552342906609681,0.0005349618320611427,-1.0
2018-02-20 03:12:00,1.23872,1.2378363358778626,1.2206273215662835,1.2550453501894416,0.000883664122137473,-1.0
2018-02-20 05:33:00,1.23641,1.2377336641221375,1.220653792350664,1.254813535893611,-0.001323664122137469,0.0
2018-02-20 07:54:00,1.23426,1.237604961832061,1.2206782709611208,1.2545316527030013,-0.003344961832061122,0.0
2018-02-20 10:15:00,1.23484,1.2374878625954198,1.2207001517041118,1.2542755734867277,-0.0026478625954198254,0.0
2018-02-20 12:36:00,1.23512,1.2373761068702291,1.2207233173007197,1.2540288964397386,-0.0022561068702291465,0.0
2018-02-20 14:57:00,1.2353,1.2372674045801524,1.2207493002769618,1.253785508883343,-0.001967404580152321,0.0
2018-02-20 17:18:00,1.23374,1.2371393129770991,1.220775925667272,1.2535027002869261,-0.003399312977099056,0.0
2018-02-20 19:39:00,1.23372,1.2370258778625953,1.220776540669913,1.2532752150552777,-0.0033058778625953966,0.0
2018-02-20 22:00:00,1.23392,1.236911679389313,1.2207883575035503,1.2530350012750755,-0.0029916793893129956,0.0
2018-02-21 00:21:00,1.23356,1.236821145038168,1.2207573132046101,1.252884976871726,-0.0032611450381681006,0.0
2018-02-21 02:42:00,1.23181,1.236717786259542,1.2207009794539798,1.2527345930651042,-0.004907786259541913,0.0
2018-02-21 05:03:00,1.23294,1.2366171755725193,1.2206730112144908,1.2525613399305477,-0.0036771755725193422,0.0
2018-02-21 07:24:00,1.23205,1.236512824427481,1.2206299808001198,1.2523956680548423,-0.004462824427480916,0.0
2018-02-21 09:45:00,1.23168,1.236406106870229,1.2205832442346372,1.2522289695058209,-0.004726106870228897,0.0
2018-02-21 12:06:00,1.23332,1.2363312977099237,1.2205437549290408,1.2521188404908066,-0.0030112977099236993,0.0
2018-02-21 14:27:00,1.23104,1.236224580152672,1.220484847135768,1.2519643131695757,-0.00518458015267198,0.0
2018-02-21 16:48:00,1.23466,1.2361380152671755,1.2204905221929854,1.2517855083413656,-0.0014780152671753921,0.0
2018-02-21 19:09:00,1.22871,1.2360056488549618,1.2204028246334409,1.2516084730764827,-0.0072956488549618115,0.0
2018-02-21 21:30:00,1.22816,1.235882824427481,1.2202882764107847,1.2514773724441774,-0.007722824427481179,0.0
2018-02-21 23:51:00,1.22814,1.2357389312977098,1.2202097604838622,1.2512681021115575,-0.007598931297709832,0.0
2018-02-22 02:12:00,1.22768,1.2356141984732822,1.2200906437744563,1.2511377531721082,-0.007934198473282139,0.0
2018-02-22 04:33:00,1.22624,1.2354969465648857,1.2199236763894283,1.2510702167403431,-0.009256946564885737,0.0
2018-02-22 06:54:00,1.22844,1.2353941221374045,1.2198136537193962,1.2509745905554128,-0.006954122137404539,0.0
2018-02-22 09:15:00,1.22813,1.2352888549618322,1.219699769896415,1.2508779400272494,-0.007158854961832217,0.0
2018-02-22 11:36:00,1.23079,1.2352341221374046,1.2196324966066634,1.2508357476681458,-0.004444122137404527,0.0
2018-02-22 13:57:00,1.23196,1.2351870992366414,1.2195834011565145,1.2507907973167682,-0.0032270992366414397,0.0
2018-02-22 16:18:00,1.2331,1.235153893129771,1.219551091493274,1.250756694766268,-0.0020538931297708896,0.0
2018-02-22 18:39:00,1.2326,1.2351179389312978,1.2195134569878467,1.250722420874749,-0.002517938931297925,0.0
2018-02-22 21:00:00,1.23333,1.235071145038168,1.219482389990184,1.2506599000861518,-0.0017411450381679128,0.0
2018-02-22 23:21:00,1.23212,1.2350078625954197,1.219439173108031,1.2505765520828085,-0.0028878625954196213,0.0
2018-02-23 01:42:00,1.23042,1.2349675572519083,1.2193787648100756,1.250556349693741,-0.004547557251908252,0.0
2018-02-23 04:03:00,1.23029,1.234940534351145,1.2193315335329806,1.2505495351693094,-0.00465053435114493,0.0
2018-02-23 06:24:00,1.23128,1.2348819083969467,1.2192760686389954,1.250487748154898,-0.0036019083969467403,0.0
2018-02-23 08:45:00,1.22916,1.2348064122137403,1.2191861657725225,1.2504266586549582,-0.005646412213740293,0.0
2018-02-23 11:06:00,1.22941,1.2347425190839696,1.2191028383192715,1.2503821998486677,-0.0053325190839697,0.0
2018-02-23 13:27:00,1.23016,1.2346837404580153,1.2190334117151644,1.2503340692008662,-0.004523740458015402,0.0
2018-02-23 15:48:00,1.22991,1.2346212213740457,1.218960470429695,1.2502819723183964,-0.004711221374045671,0.0
2018-02-23 18:09:00,1.23036,1.234556641221374,1.2188959080406403,1.2502173744021077,-0.004196641221374087,0.0
2018-02-23 20:30:00,1.22957,1.234478244274809,1.2188212960544527,1.2501351924951654,-0.004908244274808959,0.0
2018-02-25 21:51:00,1.22819,1.2344186259541985,1.2187255980533234,1.2501116538550736,-0.006228625954198597,0.0
2018-02-26 00:12:00,1.23164,1.2343967175572519,1.2186961922465385,1.2500972428679653,-0.00275671755725182,0.0
2018-02-26 02:33:00,1.2311,1.2343796183206108,1.2186695779437173,1.2500896586975043,-0.0032796183206107443,0.0
2018-02-26 04:54:00,1.23204,1.2344118320610689,1.2187387451231586,1.2500849189989791,-0.002371832061068835,0.0
2018-02-26 07:15:00,1.23407,1.2344764122137406,1.2188799806556592,1.250072843771822,-0.00040641221374060343,0.0
2018-02-26 09:36:00,1.23362,1.234527251908397,1.21898625856257,1.250068245254224,-0.0009072519083970221,0.0
2018-02-26 11:57:00,1.23052,1.234558320610687,1.219066218374102,1.250050422847272,-0.004038320610686874,0.0
2018-02-26 14:18:00,1.23136,1.2345908396946563,1.219144023535146,1.2500376558541666,-0.003230839694656318,0.0
2018-02-26 16:39:00,1.23102,1.234630534351145,1.2192479757337245,1.2500130929685656,-0.0036105343511450005,0.0
2018-02-26 19:00:00,1.2316,1.2346664122137405,1.2193346900326474,1.2499981343948336,-0.003066412213740488,0.0
2018-02-26 21:21:00,1.2309,1.2347186259541985,1.2194862331903207,1.2499510187180762,-0.0038186259541983514,0.0
2018-02-26 23:42:00,1.23358,1.2347932824427479,1.2196812005838749,1.249905364301621,-0.0012132824427479871,0.0
2018-02-27 02:03:00,1.23229,1.23483106870229,1.219769435273267,1.249892702131313,-0.0025410687022899836,0.0
2018-02-27 04:24:00,1.23261,1.2348858015267175,1.2199098571328757,1.2498617459205592,-0.002275801526717469,0.0
2018-02-27 06:45:00,1.2335,1.2349383206106872,1.2200311202538783,1.2498455209674961,-0.0014383206106871604,0.0
2018-02-27 09:06:00,1.2323,1.2349964122137405,1.2201912251666354,1.2498015992608456,-0.0026964122137405067,0.0
2018-02-27 11:27:00,1.23034,1.2350309923664122,1.220291275042127,1.2497707096906974,-0.004690992366412239,0.0
2018-02-27 13:48:00,1.22449,1.2350229007633589,1.2202610571243717,1.249784744402346,-0.010532900763358777,0.0
2018-02-27 16:09:00,1.22546,1.23502106870229,1.22025450246388,1.2497876349407,-0.00956106870229001,0.0
2018-02-27 18:30:00,1.22322,1.2350023664122138,1.2201819543278212,1.2498227784966065,-0.011782366412213863,0.0
2018-02-27 20:51:00,1.22356,1.234976564885496,1.2200879644406533,1.2498651653303388,-0.011416564885496028,0.0
2018-02-27 23:12:00,1.22322,1.2349559541984731,1.22000945622354,1.2499024521734063,-0.011735954198473175,0.0
2018-02-28 01:33:00,1.22238,1.2349223664122138,1.219882328394244,1.2499624044301836,-0.012542366412213735,0.0
2018-02-28 03:54:00,1.22207,1.234900687022901,1.2197944341777835,1.2500069398680183,-0.01283068702290091,0.0
2018-02-28 06:15:00,1.22027,1.2348925190839697,1.2197555856797688,1.2500294524881705,-0.01462251908396972,0.0
2018-02-28 08:36:00,1.22271,1.2348887786259541,1.2197399615565414,1.2500375956953669,-0.012178778625954179,0.0
2018-02-28 10:57:00,1.22116,1.2348585496183206,1.2196156475885187,1.2501014516481226,-0.013698549618320621,0.0
2018-02-28 13:18:00,1.21912,1.2348069465648854,1.2193966744875908,1.25021721864218,-0.01568694656488545,1.0
2018-02-28 15:39:00,1.22088,1.2347580916030534,1.219211656916157,1.2503045262899497,-0.013878091603053422,1.0
2018-02-28 18:00:00,1.21968,1.23469213740458,1.21896337100811,1.25042090380105,-0.015012137404579962,1.0
2018-02-28 20:21:00,1.2193,1.234616717557252,1.2186879365535743,1.2505454985609297,-0.015316717557251947,1.0
2018-02-28 22:42:00,1.21888,1.2345530534351146,1.2184395149528533,1.2506665919173758,-0.015673053435114603,1.0
2018-03-01 01:03:00,1.2194,1.2344951908396946,1.2182184265891245,1.2507719550902647,-0.015095190839694572,1.0
2018-03-01 03:24:00,1.21936,1.2344536641221375,1.2180499350515193,1.2508573931927558,-0.015093664122137529,1.0
2018-03-01 05:45:00,1.21953,1.2343914503816795,1.2178231750204969,1.2509597257428622,-0.01486145038167952,1.0
2018-03-01 08:06:00,1.21884,1.2343184732824426,1.2175606927293263,1.2510762538355589,-0.015478473282442673,1.0
2018-03-01 10:27:00,1.21702,1.2342245038167938,1.2172177632139987,1.251231244419589,-0.017204503816793837,1.0
2018-03-01 12:48:00,1.21632,1.2341145801526716,1.2168326138721726,1.2513965464331707,-0.017794580152671546,1.0
2018-03-01 15:09:00,1.22101,1.2340506870229007,1.2166367795497879,1.2514645944960134,-0.013040687022900732,1.0
2018-03-01 17:30:00,1.22484,1.2340109160305344,1.2165364866329367,1.251485345428132,-0.009170916030534437,1.0
2018-03-01 19:51:00,1.2269,1.2339719847328243,1.216456819888987,1.2514871495766617,-0.007071984732824221,1.0
2018-03-01 22:12:00,1.22693,1.2339283969465649,1.2163715013357796,1.25148529255735,-0.006998396946564789,1.0
2018-03-02 00:33:00,1.22732,1.2338725190839694,1.2162781979121091,1.2514668402558298,-0.006552519083969477,1.0
2018-03-02 02:54:00,1.22767,1.2338257251908398,1.2161980514875985,1.251453398894081,-0.006155725190839734,1.0
2018-03-02 05:15:00,1.2258,1.2337483206106872,1.216069092616286,1.2514275486050883,-0.007948320610687176,1.0
2018-03-02 07:36:00,1.22792,1.2336895419847327,1.21598421521346,1.2513948687560055,-0.0057695419847327845,1.0
2018-03-02 09:57:00,1.2317,1.2336590076335878,1.2159538596894761,1.2513641555776995,-0.001959007633587806,1.0
2018-03-02 12:18:00,1.23058,1.233625572519084,1.2159137860635039,1.251337358974664,-0.0030455725190838834,1.0
2018-03-02 14:39:00,1.23143,1.233592213740458,1.21588047364611,1.251303953834806,-0.0021622137404579966,1.0
2018-03-02 17:00:00,1.23238,1.2335451908396948,1.2158537016470565,1.2512366800323331,-0.0011651908396947963,1.0
2018-03-02 19:21:00,1.23253,1.2335047328244275,1.2158285060554241,1.251180959593431,-0.0009747328244276154,1.0
2018-03-02 21:42:00,1.23183,1.233470610687023,1.2157988766715906,1.2511423447024554,-0.0016406106870230364,1.0
2018-03-04 20:42:00,1.23408,1.2334597709923665,1.215791312792137,1.251128229192596,0.0006202290076335881,0.0
2018-03-04 23:03:00,1.23356,1.233450534351145,1.2157835719962544,1.2511174967060357,0.00010946564885494503,0.0
2018-03-05 01:24:00,1.23274,1.2334239694656488,1.2157633281880864,1.2510846107432112,-0.0006839694656488593,0.0
2018-03-05 03:45:00,1.23192,1.2333520610687023,1.215744707584335,1.2509594145530696,-0.0014320610687024171,0.0
2018-03-05 06:06:00,1.23098,1.2332488549618321,1.2157467065853567,1.2507510033383076,-0.0022688549618321563,0.0
2018-03-05 08:27:00,1.23195,1.2331449618320611,1.2157763095440495,1.2505136141200728,-0.0011949618320610256,0.0
2018-03-05 10:48:00,1.23042,1.2330307633587787,1.2157901150364474,1.25027141168111,-0.002610763358778634,0.0
2018-03-05 13:09:00,1.23194,1.2329241984732824,1.2158322449990793,1.2500161519474855,-0.0009841984732823494,0.0
2018-03-05 15:30:00,1.23268,1.2328227480916032,1.21588584999154,1.2497596461916665,-0.00014274809160319535,0.0
2018-03-05 17:51:00,1.23252,1.2326954198473283,1.2160058051567408,1.2493850345379158,-0.0001754198473282731,0.0
2018-03-05 20:12:00,1.23354,1.232585038167939,1.2161135782122743,1.2490564981236039,0.0009549618320610076,0.0
2018-03-05 22:33:00,1.23482,1.232481679389313,1.216240905979788,1.2487224527988379,0.0023383206106870613,0.0
2018-03-06 00:54:00,1.23542,1.232377175572519,1.2163935392721195,1.2483608118729186,0.003042824427480939,0.0
2018-03-06 03:15:00,1.23462,1.2322879389312977,1.216488373266857,1.2480875045957385,0.002332061068702318,0.0
2018-03-06 05:36:00,1.23356,1.2321630534351145,1.2166695914108867,1.2476565154593422,0.0013969465648855373,0.0
2018-03-06 07:57:00,1.23421,1.2320399236641222,1.2168758548989465,1.247203992429298,0.0021700763358778463,0.0
2018-03-06 10:18:00,1.23976,1.2319588549618319,1.2170791091738418,1.246838600749822,0.007801145038168089,0.0
2018-03-06 12:39:00,1.23951,1.2318538931297711,1.2173916771973132,1.246316109062229,0.007656106870228774,0.0
2018-03-06 15:00:00,1.24006,1.2317392366412212,1.2177901799610515,1.2456882933213909,0.008320763358778738,0.0
2018-03-06 17:21:00,1.24066,1.2316399236641222,1.2181422822755896,1.2451375650526548,0.009020076335877869,0.0
2018-03-06 19:42:00,1.24064,1.2315457251908397,1.2184831590557323,1.244608291325947,0.009094274809160252,0.0
2018-03-06 22:03:00,1.24192,1.2315031297709924,1.2186150379306167,1.2443912216113682,0.010416870229007502,0.0
2018-03-07 00:24:00,1.24166,1.2314886259541984,1.2186510477585901,1.2443262041498067,0.010171374045801596,0.0
2018-03-07 02:45:00,1.2418,1.23147106870229,1.2186968780756562,1.244245259328924,0.010328931297709953,0.0
2018-03-07 05:06:00,1.24192,1.231480534351145,1.218677034513997,1.244284034188293,0.010439465648854895,0.0
2018-03-07 07:27:00,1.24268,1.231492824427481,1.2186491936743842,1.2443364551805778,0.011187175572519026,0.0
2018-03-07 09:48:00,1.24063,1.2314902290076335,1.2186541825361,1.244326275479167,0.009139770992366403,0.0
2018-03-07 12:09:00,1.24142,1.2314890076335876,1.2186568010711412,1.244321214196034,0.009930992366412372,0.0
2018-03-07 14:30:00,1.2392,1.2314618320610686,1.2187110167504185,1.2442126473717188,0.007738167938931451,0.0
2018-03-07 16:51:00,1.24066,1.2314496946564886,1.218737302897281,1.2441620864156961,0.009210305343511527,0.0
2018-03-07 19:12:00,1.24126,1.2314498473282443,1.2187369811659705,1.244162713490518,0.009810152671755779,0.0
2018-03-07 21:33:00,1.24142,1.2314559541984733,1.2187245771435506,1.244187331253396,0.009964045801526655,0.0
2018-03-07 23:54:00,1.24037,1.2314452671755725,1.2187464792677583,1.2441440550833867,0.008924732824427517,0.0
2018-03-08 02:15:00,1.2407,1.2314454198473281,1.2187461839503773,1.244144655744279,0.009254580152671776,0.0
2018-03-08 04:36:00,1.23998,1.2314547328244274,1.2187321074716904,1.2441773581771645,0.00852526717557267,0.0
2018-03-08 06:57:00,1.23898,1.2314404580152671,1.2187561845634458,1.2441247314670885,0.007539541984732834,0.0
2018-03-08 09:18:00,1.23738,1.2314143511450382,1.2187938079166383,1.244034894373438,0.005965648854961758,0.0
2018-03-08 11:39:00,1.24024,1.231408854961832,1.218804451179217,1.244013258744447,0.008831145038167953,0.0
2018-03-08 14:00:00,1.23299,1.2313487786259543,1.218851381475926,1.2438461757759824,0.0016412213740457648,0.0
2018-03-08 16:21:00,1.23116,1.2312931297709926,1.2188584227387276,1.2437278368032576,-0.00013312977099255718,0.0
2018-03-08 18:42:00,1.23107,1.2312347328244275,1.2188689516700315,1.2436005139788235,-0.000164732824427416,0.0
2018-03-08 21:03:00,1.231,1.2311934351145037,1.2188612309267208,1.2435256393022867,-0.00019343511450364836,0.0
2018-03-08 23:24:00,1.22984,1.2311596946564884,1.2188371265078424,1.2434822628051345,-0.0013196946564884016,0.0
2018-03-09 01:45:00,1.23097,1.2311301526717557,1.2188246044584858,1.2434357008850256,-0.00016015267175584214,0.0
2018-03-09 04:06:00,1.23187,1.2311053435114503,1.2188191290233572,1.2433915579995434,0.0007646564885497309,0.0
2018-03-09 06:27:00,1.22978,1.2310632061068703,1.2187971322526174,1.243329279961123,-0.0012832061068701606,0.0
2018-03-09 08:48:00,1.22926,1.231029007633588,1.2187680356919515,1.2432899795752244,-0.0017690076335878935,0.0
2018-03-09 11:09:00,1.22846,1.230988854961832,1.2187289531825245,1.2432487567411394,-0.002528854961831861,0.0
2018-03-09 13:30:00,1.23226,1.2309761832061068,1.2187250647119856,1.243227301700228,0.001283816793893111,0.0
2018-03-09 15:51:00,1.23146,1.2309601526717557,1.2187171688763845,1.243203136467127,0.0004998473282442628,0.0
2018-03-09 18:12:00,1.23063,1.230951145038168,1.2187089452254853,1.2431933448508508,-0.000321145038168158,0.0
2018-03-09 20:33:00,1.23059,1.2309332061068703,1.218695867213851,1.2431705449998895,-0.0003432061068702197,0.0
2018-03-11 19:33:00,1.23118,1.2309265648854963,1.2186907247751448,1.2431624049958478,0.00025343511450359735,0.0
2018-03-11 21:54:00,1.23082,1.23092,1.218684866477734,1.243155133522266,-9.999999999998899e-05,0.0
2018-03-12 00:15:00,1.23191,1.2309092366412213,1.2186801339964097,1.243138339286033,0.0010007633587787446,0.0
2018-03-12 02:36:00,1.23246,1.2309200763358779,1.2186879895282723,1.2431521631434834,0.0015399236641222558,0.0
2018-03-12 04:57:00,1.23276,1.2309055725190838,1.218686861732173,1.2431242833059946,0.001854427480916243,0.0
2018-03-12 07:18:00,1.23242,1.230933893129771,1.2187184968995362,1.243149289360006,0.001486106870228987,0.0
2018-03-12 09:39:00,1.2292,1.2309418320610686,1.2187323520616775,1.2431513120604596,-0.0017418320610684823,0.0
2018-03-12 12:00:00,1.23122,1.2309653435114505,1.2187657530270986,1.2431649339958024,0.0002546564885494984,0.0
2018-03-12 14:21:00,1.23152,1.2309946564885497,1.2188084387254163,1.243180874251683,0.0005253435114502825,0.0
2018-03-12 16:42:00,1.23369,1.231051526717557,1.2188852286336558,1.2432178248014583,0.0026384732824429324,0.0
2018-03-12 19:03:00,1.23378,1.231092290076336,1.2189254775704605,1.2432591025822113,0.0026877099236641833,0.0
2018-03-12 21:24:00,1.23382,1.2311357251908395,1.2189709131291764,1.2433005372525026,0.0026842748091604474,0.0
2018-03-12 23:45:00,1.23373,1.2311581679389314,1.2189850816602656,1.2433312542175972,0.0025718320610685907,0.0
2018-03-13 02:06:00,1.23311,1.2311669465648853,1.2189898715357415,1.2433440215940292,0.0019430534351145834,0.0
2018-03-13 04:27:00,1.23268,1.2311637404580154,1.2189884958802475,1.2433389850357832,0.0015162595419846436,0.0
2018-03-13 06:48:00,1.23329,1.2311690076335877,1.218990661944504,1.2433473533226715,0.0021209923664122776,0.0
2018-03-13 09:09:00,1.23365,1.2311714503816793,1.218991229309507,1.2433516714538515,0.0024785496183206135,0.0
2018-03-13 11:30:00,1.23665,1.2312060305343513,1.2189892877531987,1.2434227733155039,0.005443969465648735,0.0
2018-03-13 13:51:00,1.23979,1.2312775572519084,1.2189699828257263,1.2435851316780904,0.008512442748091598,0.0
2018-03-13 16:12:00,1.23962,1.2313487786259543,1.2189565487967056,1.243741008455203,0.008271221374045679,0.0
2018-03-13 18:33:00,1.23928,1.2314098473282444,1.2189403766751823,1.2438793179813066,0.007870152671755504,0.0
2018-03-13 20:54:00,1.23942,1.2314881679389313,1.2189469775153647,1.244029358362498,0.007931832061068622,0.0
2018-03-13 23:15:00,1.23933,1.231563893129771,1.2189536753990775,1.2441741108604645,0.00776610687022905,0.0
2018-03-14 01:36:00,1.2405,1.2316428244274809,1.2189389320439972,1.2443467168109645,0.008857175572519083,0.0
2018-03-14 03:57:00,1.24016,1.23172106870229,1.2189342049497065,1.2445079324548733,0.008438931297710006,0.0
2018-03-14 06:18:00,1.23782,1.2317780152671756,1.218949206480255,1.2446068240540962,0.006041984732824357,0.0
2018-03-14 08:39:00,1.23745,1.2318381679389314,1.2189772336980662,1.2446991021797966,0.005611832061068522,0.0
2018-03-14 11:00:00,1.23624,1.2318996183206108,1.2190320200378444,1.2447672166033772,0.004340381679389216,0.0
2018-03-14 13:21:00,1.23536,1.2319280152671757,1.2190463150879773,1.244809715446374,0.003431984732824356,0.0
2018-03-14 15:42:00,1.2375,1.2319768702290077,1.2190593326965924,1.244894407761423,0.005523129770992341,0.0
2018-03-14 18:03:00,1.23658,1.232011526717557,1.2190689699678183,1.2449540834672959,0.00456847328244292,0.0
2018-03-14 20:24:00,1.23678,1.232032213740458,1.219067750290152,1.2449966771907641,0.004747786259541975,0.0
2018-03-14 22:45:00,1.23759,1.2320625190839694,1.2190645781006353,1.2450604600673034,0.005527480916030614,0.0
2018-03-15 01:06:00,1.23778,1.2321179389312977,1.2190846464804987,1.2451512313820967,0.005662061068702373,0.0
2018-03-15 03:27:00,1.2374,1.2321640458015266,1.219098865587602,1.2452292260154512,0.005235954198473447,0.0
2018-03-15 05:48:00,1.23675,1.232207786259542,1.2191196978899705,1.2452958746291134,0.004542213740458045,0.0
2018-03-15 08:09:00,1.23612,1.2322422900763357,1.2191368397562736,1.2453477403963977,0.0038777099236644297,0.0
2018-03-15 10:30:00,1.23411,1.2322667938931298,1.2191594561320651,1.2453741316541944,0.0018432061068702765,0.0
2018-03-15 12:51:00,1.23464,1.2322748854961831,1.2191629720956114,1.2453867988967549,0.002365114503816823,0.0
2018-03-15 15:12:00,1.23185,1.2322715267175572,1.2191594035019901,1.2453836499331243,-0.00042152671755735227,0.0
2018-03-15 17:33:00,1.23045,1.232255038167939,1.219139198683607,1.2453708776522707,-0.001805038167938866,0.0
2018-03-15 19:54:00,1.23046,1.2322318320610688,1.2191141139664683,1.2453495501556693,-0.0017718320610686789,0.0
2018-03-15 22:15:00,1.23042,1.2322174809160304,1.2190959504369312,1.2453390113951297,-0.0017974809160303806,0.0
2018-03-16 00:36:00,1.23074,1.232220534351145,1.2191005788369194,1.2453404898653706,-0.0014805343511450353,0.0
2018-03-16 02:57:00,1.23094,1.2322697709923662,1.2192185216055125,1.24532102037922,-0.0013297709923663081,0.0
2018-03-16 05:18:00,1.23202,1.2323198473282442,1.219323691687266,1.2453160029692223,-0.00029984732824428484,0.0
2018-03-16 07:39:00,1.23239,1.2323898473282444,1.2194928497087063,1.2452868449477825,1.526717556821211e-07,0.0
2018-03-16 10:00:00,1.23246,1.232457786259542,1.219654851670441,1.245260720848643,2.21374045805689e-06,0.0
2018-03-16 12:21:00,1.22788,1.2324933587786262,1.2197682225126028,1.2452184950446497,-0.00461335877862612,0.0
2018-03-16 14:42:00,1.22877,1.2325421374045802,1.219924729159769,1.2451595456493914,-0.003772137404580267,0.0
2018-03-16 17:03:00,1.2288,1.2325935114503817,1.2200937152862177,1.2450933076145456,-0.003793511450381759,0.0
2018-03-16 19:24:00,1.22895,1.2326597709923663,1.2203324523705403,1.2449870896141924,-0.003709770992366357,0.0
2018-03-18 20:45:00,1.2285,1.2327039694656488,1.2204793532711027,1.2449285856601948,-0.004203969465648827,0.0
2018-03-18 23:06:00,1.22678,1.2327468702290076,1.220646737468395,1.2448470029896204,-0.005966870229007659,0.0
2018-03-19 01:27:00,1.22697,1.2328067938931297,1.2209025093981887,1.2447110783880708,-0.005836793893129855,0.0
2018-03-19 03:48:00,1.22625,1.232847786259542,1.2210727635967955,1.2446228089222884,-0.006597786259541882,0.0
2018-03-19 06:09:00,1.22746,1.2329071755725192,1.2213229180119491,1.2444914331330892,-0.0054471755725191695,0.0
2018-03-19 08:30:00,1.22957,1.232985572519084,1.2216358661425877,1.2443352788955802,-0.003415572519083865,0.0
2018-03-19 10:51:00,1.23072,1.2330759541984733,1.2219935910018285,1.244158317395118,-0.0023559541984732313,0.0
2018-03-19 13:12:00,1.23141,1.2331676335877864,1.2223456434872644,1.2439896236883083,-0.0017576335877864668,0.0
2018-03-19 15:33:00,1.2346,1.2332839694656488,1.2227360849006623,1.2438318540306352,0.0013160305343511425,0.0
2018-03-19 17:54:00,1.23394,1.2333939694656488,1.2231274378276902,1.2436605011036075,0.0005460305343512051,0.0
2018-03-19 20:15:00,1.2335,1.2335058778625954,1.2235643457502943,1.2434474099748964,-5.877862595315975e-06,0.0
2018-03-19 22:36:00,1.2341,1.233636259541985,1.2241276418034408,1.2431448772805291,0.0004637404580150051,0.0
2018-03-20 00:57:00,1.23466,1.2337762595419848,1.2247684399181977,1.2427840791657718,0.0008837404580153141,0.0
2018-03-20 03:18:00,1.23376,1.2338735877862594,1.225150747010912,1.242596428561607,-0.00011358778625947252,0.0
2018-03-20 05:39:00,1.23495,1.2339507633587785,1.2253723806464634,1.2425291460710937,0.0009992366412214793,0.0
2018-03-20 08:00:00,1.23116,1.2339832824427481,1.2254806716427076,1.2424858932427887,-0.0028232824427480985,0.0
2018-03-20 10:21:00,1.22857,1.2339958015267174,1.225530302330493,1.2424613007229417,-0.005425801526717455,0.0
2018-03-20 12:42:00,1.22782,1.2339996183206108,1.2255458084723048,1.2424534281689168,-0.006179618320610869,0.0
2018-03-20 15:03:00,1.226,1.2339868702290078,1.2254896619692852,1.2424840784887303,-0.007986870229007792,0.0
2018-03-20 17:24:00,1.22494,1.2339803053435114,1.2254563153283782,1.2425042953586447,-0.009040305343511523,1.0
2018-03-20 19:45:00,1.22446,1.233953893129771,1.2253333171816634,1.2425744690778788,-0.009493893129771003,1.0
2018-03-20 22:06:00,1.22538,1.2339056488549618,1.2251643368255607,1.2426469608843629,-0.008525648854961876,1.0
2018-03-21 00:27:00,1.22544,1.2338664122137404,1.2250194257407314,1.2427133986867493,-0.008426412213740297,1.0
2018-03-21 02:48:00,1.22613,1.2338259541984733,1.2248860702623368,1.2427658381346098,-0.007695954198473354,1.0
2018-03-21 05:09:00,1.22724,1.2337867175572519,1.224776412536288,1.2427970225782157,-0.00654671755725178,1.0
2018-03-21 07:30:00,1.22784,1.2337509160305342,1.224683394801821,1.2428184372592475,-0.005910916030534175,1.0
2018-03-21 09:51:00,1.22784,1.2337204580152672,1.2246002765519568,1.2428406394785776,-0.005880458015267154,1.0
2018-03-21 12:12:00,1.22867,1.2336791603053434,1.2245166446822944,1.2428416759283925,-0.005009160305343485,1.0
2018-03-21 14:33:00,1.22587,1.2336204580152672,1.2243568860633514,1.242884029967183,-0.007750458015267192,1.0
2018-03-21 16:54:00,1.23394,1.2336296183206106,1.2243671825537121,1.242892054087509,0.0003103816793894598,0.0
2018-03-21 19:15:00,1.23418,1.2336468702290078,1.2243888518053836,1.242904888652632,0.0005331297709922911,0.0
2018-03-21 21:36:00,1.23474,1.233675572519084,1.2244275719334063,1.2429235731047616,0.0010644274809159526,0.0
2018-03-21 23:57:00,1.23632,1.2337089312977099,1.22445449560385,1.2429633669915698,0.00261106870229022,0.0
2018-03-22 02:18:00,1.23634,1.2337541221374047,1.2245066080863456,1.2430016361884637,0.0025858778625953427,0.0
2018-03-22 04:39:00,1.2353,1.2337797709923666,1.2245338999086692,1.243025642076064,0.001520229007633489,0.0
2018-03-22 07:00:00,1.23523,1.2337992366412212,1.2245519612442928,1.2430465120381495,0.001430763358778897,0.0
2018-03-22 09:21:00,1.23156,1.2337919083969464,1.224539026894987,1.2430447898989059,-0.002231908396946425,0.0
2018-03-22 11:42:00,1.23202,1.2337803053435112,1.2245223398122465,1.243038270874776,-0.001760305343511348,0.0
2018-03-22 14:03:00,1.23036,1.2337462595419848,1.2244709187567429,1.2430216003272267,-0.003386259541984904,0.0
2018-03-22 16:24:00,1.23128,1.2337146564885497,1.224434092083393,1.2429952208937065,-0.0024346564885497912,0.0
2018-03-22 18:45:00,1.23048,1.2336830534351146,1.2243867332721066,1.2429793735981227,-0.0032030534351146223,0.0
2018-03-22 21:06:00,1.23248,1.2336748091603054,1.2243761338696557,1.242973484450955,-0.0011948091603053435,0.0
2018-03-22 23:27:00,1.23328,1.2336677099236641,1.2243692615618242,1.242966158285504,-0.00038770992366421453,0.0
2018-03-23 01:48:00,1.23338,1.2336190076335878,1.224382552817532,1.2428554624496435,-0.00023900763358786214,0.0
2018-03-23 04:09:00,1.23414,1.2335780152671756,1.2243994605226036,1.2427565700117476,0.0005619847328244276,0.0
2018-03-23 06:30:00,1.2336,1.2335287022900765,1.2244213823610883,1.2426360222190647,7.129770992353457e-05,0.0
2018-03-23 08:51:00,1.23346,1.2334737404580152,1.2244534043442419,1.2424940765717885,-1.3740458015165657e-05,0.0
2018-03-23 11:12:00,1.2337,1.2334207633587788,1.2244889906453087,1.242352536072249,0.0002792366412212033,0.0
2018-03-23 13:33:00,1.23544,1.2333712977099236,1.2245582687546857,1.2421843266651615,0.002068702290076496,0.0
2018-03-23 15:54:00,1.236,1.2333280916030536,1.224624032385739,1.2420321508203682,0.002671908396946421,0.0
2018-03-23 18:15:00,1.23566,1.2332812213740458,1.2246957276969517,1.24186671505114,0.0023787786259541477,0.0
2018-03-23 20:36:00,1.23524,1.2332302290076338,1.2247731600606961,1.2416872979545714,0.0020097709923661,0.0
2018-03-25 19:36:00,1.23578,1.2331775572519084,1.2248731465270695,1.2414819679767473,0.002602442748091738,0.0
2018-03-25 21:57:00,1.23634,1.2331448091603052,1.224925457004981,1.2413641613156294,0.0031951908396947726,0.0
2018-03-26 00:18:00,1.23694,1.233110610687023,1.224993395645196,1.2412278257288503,0.0038293893129768275,0.0
2018-03-26 02:39:00,1.23733,1.2330963358778626,1.2250157908824908,1.2411768808732344,0.004233664122137437,0.0
2018-03-26 05:00:00,1.23829,1.2330782442748092,1.2250555524261852,1.241100936123433,0.005211755725190725,0.0
2018-03-26 07:21:00,1.24094,1.2330758015267176,1.2250629622319151,1.24108864082152,0.007864198473282347,0.0
2018-03-26 09:42:00,1.24056,1.2330692366412215,1.2250825867732997,1.2410558865091432,0.007490763358778629,0.0
2018-03-26 12:03:00,1.24392,1.2330963358778628,1.224986692157675,1.2412059795980506,0.010823664122137089,-1.0
2018-03-26 14:24:00,1.24488,1.2331282442748093,1.2248665419056581,1.2413899466439604,0.011751755725190716,-1.0
2018-03-26 16:45:00,1.24534,1.2331691603053436,1.2247197229865547,1.2416185976241325,0.012170839694656266,-1.0
2018-03-26 19:06:00,1.24474,1.2332131297709925,1.2245837748315653,1.2418424847104197,0.011526870229007447,-1.0
2018-03-26 21:27:00,1.24557,1.2332756488549619,1.2244091955360255,1.2421421021738983,0.012294351145038185,-1.0
2018-03-26 23:48:00,1.24438,1.233307251908397,1.2243121619474353,1.2423023418693586,0.01107274809160308,-1.0
2018-03-27 02:09:00,1.24534,1.2334015267175573,1.2241642269211919,1.2426388265139228,0.011938473282442574,-1.0
2018-03-27 04:30:00,1.24735,1.2335251145038166,1.223980587158008,1.2430696418496252,0.013824885496183326,-1.0
2018-03-27 06:51:00,1.24262,1.2336132824427481,1.2239475521968646,1.2432790126886317,0.009006717557251909,-1.0
2018-03-27 09:12:00,1.23964,1.2336792366412215,1.223967580957828,1.2433908923246149,0.005960763358778598,-1.0
2018-03-27 11:33:00,1.23965,1.2337541221374047,1.2240105578329366,1.2434976864418728,0.005895877862595267,-1.0
2018-03-27 13:54:00,1.24112,1.233831603053435,1.2240161170732875,1.2436470890335827,0.007288396946564912,-1.0
2018-03-27 16:15:00,1.24018,1.233895038167939,1.2240234012920421,1.2437666750438359,0.0062849618320610645,-1.0
2018-03-27 18:36:00,1.24019,1.233974503816794,1.224068848489193,1.2438801591443949,0.0062154961832059374,-1.0
2018-03-27 20:57:00,1.24086,1.2340630534351145,1.2241199513365542,1.2440061555336748,0.006796946564885609,-1.0
2018-03-27 23:18:00,1.24156,1.2341630534351147,1.2241836568468698,1.2441424500233595,0.0073969465648853205,-1.0
2018-03-28 01:39:00,1.2421,1.2342381679389314,1.2241687840905333,1.2443075517873294,0.007861832061068608,-1.0
2018-03-28 04:00:00,1.23939,1.2342987022900764,1.2242013316050662,1.2443960729750867,0.005091297709923559,-1.0
2018-03-28 06:21:00,1.24068,1.2343754198473282,1.2242377677873317,1.2445130719073247,0.006304580152671768,-1.0
2018-03-28 08:42:00,1.23929,1.2344418320610686,1.2242901583675985,1.2445935057545388,0.004848167938931391,-1.0
2018-03-28 11:03:00,1.2362,1.2344801526717555,1.2243402167032902,1.2446200886402208,0.0017198473282444837,-1.0
2018-03-28 13:24:00,1.23496,1.2345117557251908,1.2243920149316339,1.2446314965187477,0.000448244274809273,-1.0
2018-03-28 15:45:00,1.23155,1.2345090076335876,1.2243862239316232,1.244631791335552,-0.002959007633587696,0.0
2018-03-28 18:06:00,1.23091,1.2344971755725191,1.2243611234583855,1.2446332276866527,-0.0035871755725191967,0.0
2018-03-28 20:27:00,1.23118,1.234485114503817,1.224336977466319,1.2446332515413148,-0.003305114503816986,0.0
2018-03-28 22:48:00,1.23176,1.2344800763358776,1.2243271525444253,1.24463300012733,-0.0027200763358776747,0.0
2018-03-29 01:09:00,1.2323,1.2345037404580153,1.2243860321933662,1.2446214487226643,-0.002203740458015302,0.0
2018-03-29 03:30:00,1.23342,1.234520534351145,1.2244175031798006,1.2446235655224893,-0.0011005343511449883,0.0
2018-03-29 05:51:00,1.2306,1.2345135114503818,1.2244007986822711,1.2446262242184924,-0.003913511450381879,0.0
2018-03-29 08:12:00,1.23068,1.2344905343511452,1.2243566237799717,1.2446244449223187,-0.0038105343511452006,0.0
2018-03-29 10:33:00,1.23074,1.2344673282442749,1.2243129570523086,1.2446216994362411,-0.003727328244274908,0.0
2018-03-29 12:54:00,1.22981,1.234436717557252,1.2242503545941048,1.244623080520399,-0.004626717557251858,0.0
2018-03-29 15:15:00,1.22945,1.2344040458015266,1.2241811563172862,1.244626935285767,-0.004954045801526696,0.0
2018-03-29 17:36:00,1.23046,1.2343838167938932,1.2241401394319522,1.2446274941558342,-0.003923816793893087,0.0
2018-03-29 19:57:00,1.23038,1.2343662595419846,1.2241029458363215,1.2446295732476478,-0.003986259541984616,0.0
2018-03-29 22:18:00,1.23028,1.2343432824427478,1.22405680545213,1.2446297594333657,-0.004063282442747784,0.0
2018-03-30 00:39:00,1.23148,1.2343267175572519,1.2240287579556883,1.2446246771588154,-0.0028467175572519654,0.0
2018-03-30 03:00:00,1.23126,1.2342855725190842,1.2239819593633277,1.2445891856748408,-0.0030255725190841964,0.0
2018-03-30 05:21:00,1.23212,1.2342270229007635,1.223962391558988,1.244491654242539,-0.0021070229007633667,0.0
2018-03-30 07:42:00,1.23274,1.234174503816794,1.2239507726858192,1.2443982349477687,-0.0014345038167939972,0.0
2018-03-30 10:03:00,1.23278,1.234124885496183,1.2239380039271721,1.244311767065194,-0.001344885496183057,0.0
2018-03-30 12:24:00,1.2323,1.234070534351145,1.223921622984596,1.2442194457176943,-0.0017705343511451588,0.0
2018-03-30 14:45:00,1.23251,1.2340184732824426,1.2239084153891924,1.2441285311756929,-0.001508473282442635,0.0
2018-03-30 17:06:00,1.23229,1.2339558015267176,1.2239060878823602,1.244005515171075,-0.0016658015267174697,0.0
